age,primary_course_Data,primary_course_English,primary_course_IT,primary_course_Management,actual_enrollments,predicted_enrollments,prediction_error,absolute_error,percent_error
24,False,False,True,False,4.0,2.75875852339525,1.24124147660475,1.24124147660475,31.031036915118747
20,False,False,True,False,4.0,2.2226663531624724,1.7773336468375276,1.7773336468375276,44.43334117093819
22,True,False,False,False,1.0,5.53091935104632,-4.53091935104632,4.53091935104632,453.091935104632
20,False,False,True,False,4.0,2.2226663531624724,1.7773336468375276,1.7773336468375276,44.43334117093819
21,False,True,False,False,3.0,2.298965436162708,0.7010345638372919,0.7010345638372919,23.367818794576397
22,True,False,False,False,4.0,5.53091935104632,-1.53091935104632,1.53091935104632,38.272983776158
